round,size,time
0,10,0:00:06.079530
0,9,0:00:06.215474
0,8,0:00:06.366195
0,7,0:00:06.299179
0,6,0:00:06.653054
0,5,0:00:06.774225
0,4,0:00:08.257660
0,3,0:00:06.351950
0,2,0:00:07.334435
